"","id","Gene","baseMean","log2FoldChange","pvalue","padj","Biotype","Orthologous_human_gene"
"6892","ENSDARG00000045789","srgap2b",384.4052412,0.229132544,0.139306579,0.475158732,"protein_coding","SRGAP1"
"8465","ENSDARG00000042929","tmem120b",318.7217222,-0.153347971,0.19155841,0.539667231,"protein_coding","TMEM120B"
"18466","ENSDARG00000058732","SCGN",253.4369696,0.092321113,0.607137976,0.855789434,"protein_coding","SCGN"
"17815","ENSDARG00000071424","ap3d1",3078.620655,-0.058318738,0.57584537,0.838779626,"protein_coding","AP3D1"
"10911","ENSDARG00000039601","IER3IP1",1467.199538,-0.094155183,0.282894813,0.633961925,"protein_coding","IER3IP1"
"5674","ENSDARG00000071683","zfr2",2405.494633,-0.133292589,0.10376905,0.42370629,"protein_coding","ZFR2"
"9836","ENSDARG00000078164","ZNF672",1301.037462,-0.079034039,0.241179151,0.593552991,"protein_coding","ZNF672"
"21672","ENSDARG00000090326","MAPK8IP1 (1 of 2)",195.7739051,0.058995704,0.752904563,0.921070578,"protein_coding","MAPK8IP1"
"22612","ENSDARG00000006926","btd",283.9883891,-0.032907822,0.795297738,0.934913786,"protein_coding","BTD"
"16429","ENSDARG00000031219","bmpr1bb",365.8202422,-0.072049919,0.514711213,0.803189168,"protein_coding","BMPR1B"
"14918","ENSDARG00000039458","lhx4",126.3318346,0.124743458,0.44886792,0.763299252,"protein_coding","LHX4"
"22436","ENSDARG00000056075","rca2.1",4936.684913,0.018088892,0.787463527,0.93287922,"protein_coding","C4BPA"
"4104","ENSDARG00000076020","pappa2",1067.390999,-0.209693289,0.061410675,0.340416737,"protein_coding","PAPPA2"
"13907","ENSDARG00000009621","cacng2b",161.3561383,0.152604104,0.404784355,0.729569233,"protein_coding","CACNG2"
"25669","ENSDARG00000023537","ahr1b",410.1120173,-0.008824163,0.934709843,0.980574248,"protein_coding","AHR"
"456","ENSDARG00000016483","BAIAP2L2 (1 of 2)",293.2471788,0.495562073,0.000480837,0.022625991,"protein_coding","BAIAP2L2"
"1009","ENSDARG00000016855","sf3b5",731.2310053,-0.272825126,0.004336844,0.093835948,"protein_coding","SF3B5"
"8274","ENSDARG00000013117","hiat1a",1323.086715,0.106278064,0.184885065,0.531766403,"protein_coding","HIATL1"
"6252","ENSDARG00000079326","-",1374.582253,-0.120293244,0.120303044,0.449230028,"protein_coding","CABIN1"
"3428","ENSDARG00000033436","mboat7",968.8743149,-0.242604692,0.046492057,0.307348834,"protein_coding","MBOAT7"
"21727","ENSDARG00000045261","-",3745.896623,-0.031539499,0.756203302,0.92273672,"protein_coding","RAB14"
"15927","ENSDARG00000005122","atp2a2b",6553.264912,-0.127625806,0.492391203,0.79045156,"protein_coding","ATP2A2"
"11620","ENSDARG00000038709","MYADM (1 of 2)",295.4823577,0.151316849,0.311264251,0.657205168,"protein_coding","MYADM"
"18921","ENSDARG00000061000","KLHDC8A",145.9129997,0.076020341,0.627885735,0.866935506,"protein_coding","KLHDC8A"
"18262","ENSDARG00000060847","setd1ba",838.0914663,0.064290408,0.597232295,0.850393695,"protein_coding","SETD1B"
"24651","ENSDARG00000036750","TAF4 (2 of 2)",95.33816327,-0.023657087,0.888410594,0.967594644,"protein_coding","TAF4"
"22342","ENSDARG00000091322","VWDE (2 of 2)",103.4550756,-0.055178957,0.783057813,0.93144976,"protein_coding","VWDE"
"5577","ENSDARG00000020077","nol10",1001.081768,-0.22921865,0.101132407,0.419497717,"protein_coding","NOL10"
"4697","ENSDARG00000038106","slc37a4a",1607.031824,0.277924045,0.077230663,0.375465227,"protein_coding","SLC37A4"
"20575","ENSDARG00000030656","3-Sep",1206.118785,0.049876179,0.70078062,0.897787043,"protein_coding","3-Sep"
"10475","ENSDARG00000018742","psme4b",5086.52343,-0.081501173,0.265182359,0.616017621,"protein_coding","PSME4"
"24626","ENSDARG00000071637","ASIC1 (2 of 2)",135.2924461,-0.021407877,0.887315803,0.967363662,"protein_coding","ASIC1"
"6311","ENSDARG00000045415","gnal",708.821823,-0.15662691,0.121645825,0.450396817,"protein_coding","GNAS"
"14031","ENSDARG00000054793","emc10",1146.876235,-0.080350432,0.410225717,0.733445856,"protein_coding","EMC10"
"21056","ENSDARG00000001767","SLC29A2 (3 of 3)",112334.8149,-0.021248668,0.724628264,0.909423764,"protein_coding","SLC29A2"
"6234","ENSDARG00000020494","znf330",1345.619136,-0.251359669,0.119658247,0.447839232,"protein_coding","ZNF330"
"25528","ENSDARG00000021374","cab39l1",3719.152991,-0.009687543,0.928808852,0.979562893,"protein_coding","CAB39"
"23978","ENSDARG00000052427","CCDC64B",371.6767785,0.029513288,0.858771873,0.958240795,"protein_coding","CCDC64B"
"6313","ENSDARG00000012113","C19H1orf109",222.029009,-0.265428592,0.12178287,0.450605852,"protein_coding","C1orf109"
"7023","ENSDARG00000005948","ankmy2a",663.5589538,-0.148558472,0.143781698,0.481437448,"protein_coding","ANKMY2"
"10176","ENSDARG00000070734","dyrk4",1842.639907,-0.145809354,0.254029061,0.605851516,"protein_coding","DYRK4"
"8150","ENSDARG00000062531","mapk8ip3",1606.870373,0.218982001,0.181025496,0.52837296,"protein_coding","MAPK8IP3"
"24395","ENSDARG00000071007","pcgf5a",231.5585482,-0.024314132,0.877220385,0.965378911,"protein_coding","PCGF5"
"4615","ENSDARG00000079414","SEZ6 (1 of 2)",509.9381447,0.220654418,0.074455922,0.367699581,"protein_coding","SEZ6"
"23731","ENSDARG00000061479","thsd7a",440.5753556,-0.030567333,0.848823532,0.955988031,"protein_coding","THSD7A"
"22637","ENSDARG00000093198","C3 (6 of 6)",305.0890383,0.055141426,0.796413657,0.935377465,"protein_coding","C3"
"2864","ENSDARG00000006392","exosc9",588.2349028,-0.296719529,0.034693415,0.273242497,"protein_coding","EXOSC9"
"7591","ENSDARG00000079280","dhrsx",479.5670519,0.174361964,0.161244562,0.50231652,"protein_coding","DHRSX"
"14041","ENSDARG00000032010","slc15a2",1265.372053,0.131913625,0.410598569,0.733790531,"protein_coding","SLC15A2"
"15467","ENSDARG00000036442","atp11c",1479.925419,-0.061694878,0.47218224,0.776991854,"protein_coding","ATP11C"
"16676","ENSDARG00000053097","hsf2",432.5494031,0.073938017,0.525984234,0.809885017,"protein_coding","HSF2"
"21441","ENSDARG00000074746","kcnd1",201.5951972,0.051522057,0.742256364,0.917185603,"protein_coding","KCND1"
"5942","ENSDARG00000091747","NEDD4 (1 of 2)",119.7715823,-0.277336482,0.111558196,0.436799169,"protein_coding","NEDD4"
"6679","ENSDARG00000061481","CABZ01041812.1",328.5609893,0.309429332,0.13327527,0.468025444,"protein_coding","FRRS1"
"12642","ENSDARG00000061194","HECTD2",380.5058097,0.113862413,0.352757713,0.691365756,"protein_coding","HECTD2"
"7260","ENSDARG00000033683","tpma",411690.4508,-0.093156939,0.150997294,0.490559348,"protein_coding","TPM3"
"12947","ENSDARG00000013863","fam133b",1426.507446,0.078933306,0.365660474,0.70148001,"protein_coding","FAM133B"
"13190","ENSDARG00000073930","WARS",704.0237268,-0.141060291,0.375967388,0.708872858,"protein_coding","WARS"
"341","ENSDARG00000075016","APOB (3 of 3)",7021.448781,-0.761309154,0.000167404,0.010592717,"protein_coding","APOB"
"140","ENSDARG00000005704","eps8l3",1509.937117,0.727769384,2.89e-06,0.000445486,"protein_coding","EPS8L3"
"19575","ENSDARG00000077577","NTSR1",387.0628533,-0.045543864,0.656390292,0.879633794,"protein_coding","NTSR1"
"17283","ENSDARG00000024416","twistnb",454.6616477,-0.112507135,0.5520739,0.82590567,"protein_coding","TWISTNB"
"7381","ENSDARG00000042032","pou3f3a",396.5050493,0.161075802,0.154782296,0.495395739,"protein_coding","POU3F3"
"19568","ENSDARG00000028740","msnb",250.970963,-0.062280905,0.656266373,0.879633794,"protein_coding","MSN"
"7258","ENSDARG00000029100","chchd1",919.1008682,-0.264225501,0.150957851,0.490559348,"protein_coding","CHCHD1"
"20927","ENSDARG00000011506","lpcat1",442.9290143,-0.037706599,0.718779574,0.907067574,"protein_coding","LPCAT1"
"25708","ENSDARG00000024894","tbx5a",164.5156795,-0.014163849,0.937016095,0.981744765,"protein_coding","TBX5"
"10828","ENSDARG00000012827","mettl3",536.9968809,-0.142779232,0.279458067,0.630490323,"protein_coding","METTL3"
"1326","ENSDARG00000027572","as3mt",1044.699981,0.227776858,0.008114777,0.133954869,"protein_coding","AS3MT"
"14970","ENSDARG00000077691","SLC13A5 (2 of 2)",218.932117,-0.163184137,0.451404092,0.765258559,"protein_coding","SLC13A5"
"1051","ENSDARG00000056531","nutf2",3058.057534,-0.322485324,0.004753838,0.098735431,"protein_coding","NUTF2"
"18969","ENSDARG00000028393","daam2",443.1441417,-0.054067052,0.63012086,0.868278158,"protein_coding","DAAM2"
"9918","ENSDARG00000014147","axin2",1649.992349,-0.092981857,0.244324276,0.596255287,"protein_coding","AXIN2"
"25972","ENSDARG00000070318","arl8bb",195.0989273,-0.010560717,0.949881387,0.985957749,"protein_coding","ARL8B"
"26835","ENSDARG00000060983","smyd4",287.4695149,-0.00187943,0.988970364,0.996748673,"protein_coding","SMYD4"
"17624","ENSDARG00000042357","cldnk",804.0602063,0.063595508,0.567899842,0.834860195,"protein_coding","CLDN6"
"4713","ENSDARG00000087639","si:dkey-33o22.1",140.9943654,0.289854257,0.077726985,0.376530508,"protein_coding","AUTS2"
"21623","ENSDARG00000053857","zgc:162431",1598.189773,0.045461374,0.750655378,0.920142181,"protein_coding","CCDC50"
"11617","ENSDARG00000011941","bmpr2a",2437.439162,0.102614761,0.311232817,0.657205168,"protein_coding","BMPR2"
"17396","ENSDARG00000070704","thap7",470.8625566,-0.066534796,0.557154813,0.828917803,"protein_coding","THAP7"
"10606","ENSDARG00000086660","CABZ01044745.1",512.2721224,0.181859606,0.270463194,0.621763237,"protein_coding","NPC1"
"26856","ENSDARG00000079570","rspo2",384.4339911,0.001219104,0.990302404,0.997449775,"protein_coding","RSPO2"
"13485","ENSDARG00000070069","pitx3",621.169697,-0.081118697,0.388131707,0.718727989,"protein_coding","PITX3"
"13997","ENSDARG00000004597","lrrc4ba",96.5920775,-0.152232189,0.409037894,0.73304207,"protein_coding","LRRC4B"
"16128","ENSDARG00000055607","cgna",802.9934699,0.066038887,0.500832848,0.794605883,"protein_coding","CGN"
"5604","ENSDARG00000008057","ndfip1l",1518.633653,0.156826637,0.101798816,0.420379179,"protein_coding","NDFIP1"
"13452","ENSDARG00000073734","arf6a",1940.331078,-0.108350907,0.386732947,0.71783582,"protein_coding","ARF6"
"10982","ENSDARG00000009280","smyd1a",13646.72053,-0.111513158,0.286355498,0.637649538,"protein_coding","SMYD1"
"14025","ENSDARG00000042065","eef2a.2",802.9645466,-0.157517445,0.410125056,0.733445856,"protein_coding","EEF2"
"10338","ENSDARG00000078209","EMC7 (2 of 2)",215.2793166,-0.182923796,0.260641894,0.61217401,"protein_coding","EMC7"
"8218","ENSDARG00000091211","adh8a",15991.59474,-0.162881509,0.182931894,0.529512336,"protein_coding","ADH1B"
"4191","ENSDARG00000056830","HNRNPUL2",602.4234899,-0.193420815,0.063564352,0.344906437,"protein_coding","RP11-831H9.16"
"815","ENSDARG00000039311","CU306817.1",51943.21472,-0.497282667,0.002571954,0.068445937,"protein_coding","COL17A1"
"7600","ENSDARG00000021607","negr1",802.3717466,0.224384877,0.161607058,0.502862523,"protein_coding","NEGR1"
"24547","ENSDARG00000092624","SPTBN4 (2 of 3)",182.771423,0.026975149,0.884097849,0.966985542,"protein_coding","SPTBN4"
"22025","ENSDARG00000089569","PSTPIP2 (1 of 2)",143.109951,-0.045939958,0.76953717,0.92722177,"protein_coding","PSTPIP2"
"8018","ENSDARG00000075295","-",192.5240876,-0.170530775,0.176289848,0.521851758,"protein_coding","TULP1"
"6011","ENSDARG00000038359","enosf1",1113.18727,0.179297341,0.113400688,0.439393614,"protein_coding","ENOSF1"
"7465","ENSDARG00000012603","eif3ja",3110.170349,-0.168565987,0.157149639,0.497656808,"protein_coding","EIF3J"
"632","ENSDARG00000011122","pptc7",2048.188486,0.56694744,0.001317153,0.045180116,"protein_coding","PPTC7"
"26969","ENSDARG00000077618","RIN3",1532.18973,0.000528726,0.995378009,0.998809501,"protein_coding","RIN3"
"16027","ENSDARG00000020948","gmcl1",932.4631531,0.080806027,0.496683075,0.792786343,"protein_coding","GMCL1"
"18095","ENSDARG00000089105","N4BP2L1",316.750564,-0.06467812,0.589396249,0.846236951,"protein_coding","N4BP2L2"
"10730","ENSDARG00000090724","CU929148.1",95.28584954,0.202829924,0.275156704,0.626054477,"protein_coding","SCN3A"
"24611","ENSDARG00000028524","col5a3b",5280.216598,0.024458269,0.886942789,0.967363662,"protein_coding","COL5A3"
"461","ENSDARG00000022650","cyp2ad3",1213.710822,0.518876831,0.000507583,0.023593858,"protein_coding","CYP2J2"
"14189","ENSDARG00000086272","CR626889.2",449.7271383,0.13097758,0.415546222,0.737739066,"protein_coding","ZPLD1"
"3679","ENSDARG00000074852","wu:fd60h05",1842.862777,0.273071356,0.051798243,0.320105917,"protein_coding","MYO15A"
"9930","ENSDARG00000062887","STEAP2",206.3041655,0.217344983,0.244530512,0.596255287,"protein_coding","STEAP2"
"22922","ENSDARG00000074264","TMEM186",166.6753721,-0.038672662,0.810920727,0.941263086,"protein_coding","TMEM186"
"9","ENSDARG00000018621","slc6a19a",317.2613857,1.823224078,7.34e-18,1.66e-14,"protein_coding","SLC6A19"
"25895","ENSDARG00000053878","zgc:123248",1738.181053,-0.005934411,0.946075834,0.984740491,"protein_coding","INPP5A"
"644","ENSDARG00000041065","hspb1",3762.700299,-0.55742359,0.001391109,0.046849326,"protein_coding","HSPB1"
"5134","ENSDARG00000014727","acox1",9572.880973,-0.163214166,0.089640784,0.400708859,"protein_coding","ACOX1"
"7380","ENSDARG00000025953","rhoq",985.5935611,-0.137326988,0.154738969,0.495334876,"protein_coding","RHOQ"
"15393","ENSDARG00000040111","pi4kb",2007.21085,-0.075474038,0.468793248,0.774864613,"protein_coding","PI4KB"
"13818","ENSDARG00000038855","chmp5a",143.8320524,0.15654317,0.401484884,0.727845405,"protein_coding","CHMP5"
"14317","ENSDARG00000039915","bola1",481.4978042,0.105282179,0.421314527,0.74201233,"protein_coding","BOLA1"
"21818","ENSDARG00000035750","ccnd1",2558.183034,0.017696779,0.760308962,0.924301618,"protein_coding","CCND1"
"21478","ENSDARG00000090155","-",103.104224,0.064399956,0.744451342,0.91824,"protein_coding","COL15A1"
"19210","ENSDARG00000004051","CR354540.1",209.7364663,-0.09095243,0.640589989,0.873045419,"protein_coding","CYP7A1"
"4464","ENSDARG00000039390","C13H6orf57",417.9181293,-0.212732351,0.071115043,0.362706669,"protein_coding","C6orf57"
"17658","ENSDARG00000036587","cbr1",1587.226706,0.082051597,0.56935068,0.835832561,"protein_coding","CBR3"
"25449","ENSDARG00000038894","tmx3",374.4663144,-0.013210533,0.925479123,0.978802862,"protein_coding","TMX3"
"19864","ENSDARG00000033953","entpd2a.2",143.0957791,0.088463899,0.668521986,0.884135876,"protein_coding","ENTPD2"
"11254","ENSDARG00000043531","jun",5162.936265,0.104010043,0.296928723,0.646290218,"protein_coding","JUN"
"11069","ENSDARG00000021257","eif3d",13338.25306,0.075902456,0.290343308,0.642174162,"protein_coding","EIF3D"
"11257","ENSDARG00000075013","usp45",686.5437578,-0.135139675,0.29714079,0.646583808,"protein_coding","USP45"
"16999","ENSDARG00000062965","fam45a",745.5140886,0.05822562,0.540609002,0.819378741,"protein_coding","FAM45A"
"19630","ENSDARG00000079060","limch1b",4523.449148,0.040821876,0.659015898,0.880835013,"protein_coding","LIMCH1"
"2094","ENSDARG00000030752","SYNGR2 (1 of 3)",1330.315372,0.194833821,0.019700099,0.207866137,"protein_coding","SYNGR2"
"20823","ENSDARG00000028131","hccsa",525.7065416,-0.052295021,0.713788757,0.905041537,"protein_coding","HCCS"
"11628","ENSDARG00000060177","vcpip1",528.4469219,0.101494788,0.311508532,0.657446274,"protein_coding","VCPIP1"
"20796","ENSDARG00000091717","FASTKD5",263.2689606,-0.066581181,0.712656223,0.904808733,"protein_coding","FASTKD5"
"12206","ENSDARG00000037539","tnnc1b",4451.962329,-0.086248047,0.335279501,0.678450674,"protein_coding","TNNC1"
"13060","ENSDARG00000006848","PARP9",840.8130669,0.092826852,0.370669241,0.705566684,"protein_coding","PARP9"
"5279","ENSDARG00000077694","CU550708.1",3222.249493,0.171287995,0.093161012,0.406519139,"protein_coding","DTNB"
"23997","ENSDARG00000096367","FNBP1 (2 of 3)",325.2528049,0.030961985,0.859668275,0.958546004,"protein_coding","FNBP1"
"16214","ENSDARG00000042725","cebpb",7526.19008,0.06143817,0.50444523,0.796379324,"protein_coding","CEBPB"
"22050","ENSDARG00000010169","myd88",686.9651971,-0.042921956,0.77074728,0.927637535,"protein_coding","MYD88"
"6746","ENSDARG00000060106","crb2a",127.3444536,0.262709413,0.135357373,0.47107823,"protein_coding","CRB1"
"900","ENSDARG00000042293","ca4b",163.3888789,0.602783707,0.003254812,0.078606938,"protein_coding","CA4"
"15938","ENSDARG00000092445","C5H5orf34",172.1288921,-0.140403358,0.49273788,0.790639022,"protein_coding","C5orf34"
"24726","ENSDARG00000033899","ap2m1b",5355.64172,0.013926975,0.892345552,0.969282014,"protein_coding","AP2M1"
"73","ENSDARG00000075168","anpepb",12394.19963,0.923715968,3.6e-08,1.03e-05,"protein_coding","ANPEP"
"4226","ENSDARG00000053656","lypla2",6915.464891,-0.17091718,0.064431569,0.346841009,"protein_coding","LYPLA2"
"23014","ENSDARG00000079757","SCARF2",1472.193832,-0.02552982,0.815557781,0.943343162,"protein_coding","SCARF2"
"16945","ENSDARG00000060626","DGKA (1 of 2)",1913.041329,0.062219709,0.538494629,0.818217643,"protein_coding","DGKA"
"21700","ENSDARG00000056091","cttnbp2nl",548.2561882,0.028916661,0.754858703,0.922298277,"protein_coding","CTTNBP2NL"
"15262","ENSDARG00000042670","eps15l1a",1561.176658,0.051932244,0.464096617,0.773602887,"protein_coding","EPS15L1"
"26085","ENSDARG00000077810","otud4",1216.309192,0.005718398,0.954021948,0.986664874,"protein_coding","OTUD4"
"26351","ENSDARG00000079103","zgc:154054",544.5822914,-0.006670745,0.966408983,0.990526984,"protein_coding","RP11-542P2.1"
"16133","ENSDARG00000013371","isoc2",1380.888126,-0.083340549,0.500980726,0.794605883,"protein_coding","ISOC2"
"13390","ENSDARG00000001578","echs1",3668.860778,-0.055316951,0.383962647,0.715954876,"protein_coding","ECHS1"
"16599","ENSDARG00000010096","slc1a6",151.9169041,0.123387416,0.522253914,0.807721535,"protein_coding","SLC1A6"
"11426","ENSDARG00000059936","HERC4",709.307314,-0.094082809,0.304155899,0.652815385,"protein_coding","HERC4"
"4736","ENSDARG00000068460","OTOG",510.4209425,0.267070504,0.078367646,0.377837384,"protein_coding","OTOG"
"16695","ENSDARG00000014646","AOC2",9266.375014,0.038960788,0.526733767,0.810311737,"protein_coding","AOC2"
"20726","ENSDARG00000089572","TFPT",320.5116216,-0.043645965,0.708262068,0.901738977,"protein_coding","TFPT"
"27028","ENSDARG00000061123","aldh18a1",12391.78523,0.000358333,0.997596713,0.998966919,"protein_coding","ALDH18A1"
"17115","ENSDARG00000076584","PATZ1",329.9434536,-0.082408121,0.546136398,0.822939567,"protein_coding","PATZ1"
"17816","ENSDARG00000069099","tmco1",1379.77652,-0.101529059,0.575910548,0.838814598,"protein_coding","TMCO1"
"23127","ENSDARG00000073668","ncstn",371.9328938,-0.027278289,0.821958303,0.946296257,"protein_coding","NCSTN"
"2046","ENSDARG00000031164","tuba8l2",12058.96005,-0.337593473,0.018760035,0.202670045,"protein_coding","TUBA4A"
"5062","ENSDARG00000067742","fam176bb",481.901893,0.201345646,0.087227346,0.395121647,"protein_coding","EVA1B"
"17116","ENSDARG00000089125","CABZ01064012.1",105.1432381,0.106755805,0.546181483,0.822939567,"protein_coding","FBXL17"
"8669","ENSDARG00000023498","gmppab",1028.200493,-0.150236061,0.199685405,0.550691433,"protein_coding","GMPPA"
"15961","ENSDARG00000027978","yy1b",1319.002164,0.053522437,0.493989427,0.791525211,"protein_coding","YY1"
"460","ENSDARG00000079166","ace",1595.743105,0.523045538,0.000497111,0.023177657,"protein_coding","ACE"
"905","ENSDARG00000060023","ncapg2",1676.902177,-0.340666599,0.003307979,0.079419023,"protein_coding","NCAPG2"
"1170","ENSDARG00000087446","mmd2a",227.4247534,0.359241939,0.006236737,0.116261221,"protein_coding","MMD2"
"5980","ENSDARG00000056535","BX927351.1",303.4592675,-0.260241432,0.112629606,0.438287169,"protein_coding","JMJD7-PLA2G4B"
"13048","ENSDARG00000070340","hoxc5a",218.2084236,0.140219569,0.369805422,0.704580649,"protein_coding","HOXC5"
"20904","ENSDARG00000075699","CT027623.1",115.5872726,-0.067000283,0.71761558,0.906674676,"protein_coding","TMEM132D"
"22485","ENSDARG00000029250","poli",263.6645207,0.05121718,0.789689675,0.933234804,"protein_coding","POLI"
"3895","ENSDARG00000074248","tmem237b",236.6919281,0.295835615,0.057129225,0.332947395,"protein_coding","TMEM237"
"16349","ENSDARG00000073688","NAV2 (1 of 2)",2113.77278,-0.084076339,0.51128743,0.801221457,"protein_coding","NAV2"
"15216","ENSDARG00000068628","rab8b",1609.135396,-0.09280479,0.46231358,0.772557819,"protein_coding","RAB8B"
"19235","ENSDARG00000039926","lhfpl2b",764.5765801,-0.064688615,0.641694609,0.873502298,"protein_coding","LHFPL2"
"11831","ENSDARG00000051936","ergic2",1343.025704,-0.103098044,0.319954508,0.664935828,"protein_coding","ERGIC2"
"4700","ENSDARG00000053571","adob",832.47831,-0.16673772,0.077357099,0.375734685,"protein_coding","ADO"
"10789","ENSDARG00000074424","ibtk",1891.494017,-0.152245822,0.277629486,0.628368699,"protein_coding","IBTK"
"493","ENSDARG00000070844","gamt",13156.6162,0.49542791,0.000675304,0.029337585,"protein_coding","GAMT"
"20194","ENSDARG00000034321","palmdb",166.6953035,0.064503906,0.682842482,0.889856869,"protein_coding","PALMD"
"18411","ENSDARG00000077521","BIN3 (1 of 2)",323.2390798,-0.066558098,0.604533536,0.854364348,"protein_coding","BIN3"
"11923","ENSDARG00000017126","ilvbl",3541.187262,-0.12728145,0.323542384,0.668035678,"protein_coding","ILVBL"
"11242","ENSDARG00000057625","dusp14",327.4052647,-0.194263396,0.296367271,0.645896154,"protein_coding","DUSP14"
"1653","ENSDARG00000038881","acaa2",5000.892335,-0.228287766,0.012650675,0.168769934,"protein_coding","ACAA2"
"10222","ENSDARG00000086302","PROSER1",1175.668399,-0.093744035,0.25574037,0.60710064,"protein_coding","PROSER1"
"25052","ENSDARG00000078831","ABHD5 (2 of 2)",137.9132166,0.024507522,0.906753915,0.972863293,"protein_coding","ABHD5"
"9579","ENSDARG00000053943","-",152.7639685,-0.245786176,0.231055857,0.582499762,"protein_coding","CCR9"
"14666","ENSDARG00000075948","slco4a1",157.7507912,0.140648201,0.437652901,0.755704987,"protein_coding","SLCO4A1"
"18868","ENSDARG00000068275","ptx3a",1626.17243,-0.041468393,0.62578812,0.865999883,"protein_coding","PTX3"
"6701","ENSDARG00000054340","sla1",147.6905435,-0.260256748,0.133891522,0.468575356,"protein_coding","SLA"
"7294","ENSDARG00000089999","IQGAP3",3328.525829,-0.159754023,0.152147005,0.492277849,"protein_coding","IQGAP3"
"1894","ENSDARG00000032619","tob1a",9272.39202,0.207641647,0.016079476,0.18731808,"protein_coding","TOB1"
"12617","ENSDARG00000089340","rhobtb2b",303.1886606,0.131680092,0.351931331,0.691166963,"protein_coding","RHOBTB2"
"908","ENSDARG00000037259","ndufb6",1985.816029,-0.212365039,0.003316945,0.079419023,"protein_coding","NDUFB6"
"11034","ENSDARG00000096118","ost4",1067.231546,-0.127243595,0.288626808,0.640327875,"protein_coding","OST4"
"12957","ENSDARG00000020043","cnot8",1070.409503,-0.093063415,0.366011492,0.701517077,"protein_coding","CNOT8"
"7273","ENSDARG00000063354","ABTB1",261.7368213,0.255180204,0.1515552,0.491476638,"protein_coding","ABTB1"
"26231","ENSDARG00000060868","MBTD1",1728.955717,-0.004871895,0.960260174,0.988063817,"protein_coding","MBTD1"
"22044","ENSDARG00000034588","scn4ab",4643.741886,0.029130211,0.770219802,0.92722177,"protein_coding","SCN4A"
"13858","ENSDARG00000030038","C20H12orf57",647.1663579,-0.075485364,0.403249466,0.729168419,"protein_coding","C12orf57"
"16911","ENSDARG00000031911","TNS3 (2 of 2)",1543.055751,-0.048047855,0.536404954,0.816518532,"protein_coding","TNS1"
"2499","ENSDARG00000036061","ogfod1",898.4721602,-0.2646613,0.028062928,0.249577548,"protein_coding","OGFOD1"
"100","ENSDARG00000061120","slc43a2b",4033.318507,0.860953382,4.21e-07,8.76e-05,"protein_coding","SLC43A2"
"8620","ENSDARG00000007383","kcnk6",1071.622002,0.121262396,0.197653823,0.548003665,"protein_coding","KCNK6"
"2409","ENSDARG00000007824","CAMTA1 (2 of 2)",1753.63079,0.265010642,0.02623448,0.241758267,"protein_coding","CAMTA1"
"603","ENSDARG00000092162","mhc1zel",452.3218738,0.503734443,0.001183809,0.042448386,"protein_coding","MR1"
"3195","ENSDARG00000034307","chrne",2450.275077,-0.197557791,0.041252395,0.292250969,"protein_coding","CHRNE"
"19931","ENSDARG00000005616","bfb",1461.618246,0.058966794,0.671492547,0.885089943,"protein_coding","C2"
"1199","ENSDARG00000076480","MCF2L (2 of 2)",522.4692835,0.300148204,0.006606201,0.120610526,"protein_coding","MCF2L"
"22062","ENSDARG00000022682","add1",3574.285601,0.028859503,0.771268319,0.927964013,"protein_coding","ADD1"
"2823","ENSDARG00000060027","nom1",751.5398428,-0.371094935,0.034008743,0.270819,"protein_coding","NOM1"
"9806","ENSDARG00000040780","INHBE",303.354267,-0.264265266,0.239970013,0.592225821,"protein_coding","INHBC"
"20402","ENSDARG00000090618","C7H10orf112",1046.295648,-0.073005341,0.693287849,0.894940441,"protein_coding","C10orf112"
"3273","ENSDARG00000052827","top3a",511.9219615,-0.224012867,0.042878117,0.296322246,"protein_coding","TOP3A"
"12312","ENSDARG00000010690","CU138503.2",154.8031118,0.170984093,0.33969308,0.681359176,"protein_coding","PRPF39"
"463","ENSDARG00000027491","uros",843.4973239,0.523082672,0.000512007,0.023709423,"protein_coding","UROS"
"9066","ENSDARG00000069109","sssca1",784.235028,-0.201619582,0.212787431,0.563970485,"protein_coding","SSSCA1"
"5750","ENSDARG00000077696","FAM188B",273.3457011,0.237012551,0.106061824,0.427837985,"protein_coding","FAM188B"
"18720","ENSDARG00000061013","ankfy1",3120.803003,-0.041384605,0.618251382,0.861678084,"protein_coding","ANKFY1"
"26976","ENSDARG00000057669","SLC9A3R2 (3 of 3)",282.4692126,0.000586287,0.99583126,0.998938824,"protein_coding","SLC9A3R2"
"6151","ENSDARG00000001014","MYH9 (1 of 2)",16972.19991,-0.151746652,0.117563872,0.445543793,"protein_coding","MYH9"
"5890","ENSDARG00000077688","cpo",125.9947617,0.345627375,0.109822739,0.433566809,"protein_coding","CPO"
"15133","ENSDARG00000027887","zfyve21",1087.384765,0.065504584,0.458272087,0.769283138,"protein_coding","ZFYVE21"
"4421","ENSDARG00000036295","golga7ba",615.6530123,0.2624831,0.069937259,0.360342324,"protein_coding","GOLGA7B"
"18942","ENSDARG00000045980","zgc:153129",561.8183478,0.075277896,0.628715003,0.867420652,"protein_coding","CSTB"
"14009","ENSDARG00000037654","pmm2",1124.465682,-0.134153643,0.409479042,0.733397985,"protein_coding","PMM2"
"17461","ENSDARG00000015552","phactr4a",1797.903829,-0.041911868,0.560434864,0.830770709,"protein_coding","PHACTR4"
"22555","ENSDARG00000069512","CABZ01034857.1",159.3719025,0.059862747,0.792745851,0.934301059,"protein_coding","RP11-552F3.9"
"1379","ENSDARG00000008946","ccdc127",255.2275192,-0.336300803,0.00877205,0.139536994,"protein_coding","CCDC127"
"10205","ENSDARG00000005606","paxip1",1422.472828,-0.121435717,0.254915692,0.606198321,"protein_coding","PAXIP1"
"10412","ENSDARG00000062113","lrrc8da",595.5959007,0.138198489,0.263250651,0.614472678,"protein_coding","LRRC8D"
"19263","ENSDARG00000092844","CPAMD8 (1 of 2)",1947.074095,-0.040040508,0.642932089,0.8740153,"protein_coding","CPAMD8"
"25419","ENSDARG00000078603","myo1hb",350.9652986,0.014617314,0.923933612,0.978097961,"protein_coding","MYO1H"
"5918","ENSDARG00000093364","mtmr3",381.02726,0.282183525,0.110590855,0.434578336,"protein_coding","MTMR3"
"10644","ENSDARG00000070626","cacng8b",376.912889,0.18614326,0.271892306,0.62300136,"protein_coding","CACNG8"
"14900","ENSDARG00000062598","ltc4s",150.0302926,0.139487235,0.448211883,0.763075054,"protein_coding","LTC4S"
"13700","ENSDARG00000057498","habp2",1921.743399,-0.11612186,0.396566408,0.724289361,"protein_coding","HABP2"
"13311","ENSDARG00000016513","setd3",2899.008469,-0.127427473,0.381219716,0.713386454,"protein_coding","SETD3"
"15079","ENSDARG00000007396","rnd3b",1675.171135,0.084966534,0.456102197,0.768404354,"protein_coding","RND3"
"11452","ENSDARG00000041952","prox2",95.23213252,0.181913482,0.305221173,0.653640607,"protein_coding","PROX2"
"2120","ENSDARG00000078803","gas2l1",563.9713375,-0.267428603,0.020325336,0.211710731,"protein_coding","GAS2L1"
"1482","ENSDARG00000076402","si:ch211-138a11.5",464.7297157,-0.352885547,0.010223636,0.15122324,"protein_coding","NAT16"
"11430","ENSDARG00000033498","rorb",298.2698511,-0.140454072,0.304385121,0.652980752,"protein_coding","RORB"
"5538","ENSDARG00000018958","nrarpb",296.8390878,0.183125071,0.100120282,0.417896128,"protein_coding","NRARP"
"19387","ENSDARG00000069632","emp1",525.8342879,0.081488798,0.648708278,0.876871546,"protein_coding","EMP1"
"19677","ENSDARG00000063252","prcc",1310.712903,0.042004225,0.661129606,0.882003361,"protein_coding","PRCC"
"363","ENSDARG00000006983","celf3b",734.5180921,0.447061918,0.000204761,0.012163296,"protein_coding","CELF3"
"5462","ENSDARG00000004561","prkcg",92.47171383,0.31806052,0.097826003,0.41352797,"protein_coding","PRKCG"
"20150","ENSDARG00000060567","TRPM2",944.3524316,0.05258868,0.680515923,0.888428017,"protein_coding","TRPM2"
"25515","ENSDARG00000095135","CABZ01032467.1",169.9808084,0.013182197,0.928251454,0.979408225,"protein_coding","ZNF606"
"18935","ENSDARG00000088247","FP245511.1",197.1205497,-0.076927834,0.628274588,0.867150124,"protein_coding","LRRN4"
"16930","ENSDARG00000035558","gps2",1093.855569,0.067250225,0.537606932,0.817614671,"protein_coding","GPS2"
"12557","ENSDARG00000052268","TRIM35 (30 of 41)",99.0156727,0.213177023,0.349199911,0.688432336,"protein_coding","TRIM35"
"10424","ENSDARG00000039987","hivep2",2907.617324,0.08110558,0.263699776,0.614578106,"protein_coding","HIVEP2"
"11622","ENSDARG00000043019","exoc1",2872.189192,0.108939679,0.311315837,0.657205168,"protein_coding","EXOC1"
"8088","ENSDARG00000038414","b3galt6",134.1870431,-0.245794887,0.178546889,0.524440156,"protein_coding","B3GALT6"
"12371","ENSDARG00000074229","PRR12 (1 of 2)",4929.092583,0.063637189,0.342280808,0.683442318,"protein_coding","PRR12"
"23506","ENSDARG00000058630","BDP1 (1 of 2)",1120.103482,-0.01603569,0.840131222,0.953206017,"protein_coding","BDP1"
"6560","ENSDARG00000016348","DIP2B (2 of 2)",631.2231134,-0.173573942,0.129993017,0.463872101,"protein_coding","DIP2B"
"21553","ENSDARG00000045851","GALNT8 (4 of 5)",325.5987712,0.056067155,0.747611319,0.91921074,"protein_coding","GALNT8"
"7265","ENSDARG00000037655","pls3",9325.648408,-0.142784718,0.151161516,0.490885612,"protein_coding","PLS3"
"15645","ENSDARG00000055172","BX470254.2",2538.792404,-0.065062168,0.480384353,0.782275511,"protein_coding","MPST"
"4663","ENSDARG00000010770","sox19a",1204.704409,-0.226930481,0.076183445,0.372775623,"protein_coding","SOX2"
"20915","ENSDARG00000062757","zgc:158403",389.2568078,0.054810666,0.718290817,0.907000342,"protein_coding","TTC39A"
"11364","ENSDARG00000091801","serpinb1l4",7263.888721,0.111036468,0.301296629,0.649758553,"protein_coding","SERPINB1"
"677","ENSDARG00000015164","mknk2b",6508.465494,0.571275215,0.001543997,0.049386094,"protein_coding","MKNK2"
"3469","ENSDARG00000051780","BOLA2",489.67684,-0.279565912,0.047559678,0.310785257,"protein_coding","BOLA2B"
"13240","ENSDARG00000004274","zgc:112496",260.4583906,-0.132133658,0.378093027,0.710704989,"protein_coding","LA16c-313D11.9"
"5567","ENSDARG00000017391","unc13ba",319.4040902,0.228918066,0.100839172,0.418965332,"protein_coding","UNC13A"
"11970","ENSDARG00000013613","zgc:112421",941.4199243,0.119012819,0.325576307,0.669859361,"protein_coding","ANXA13"
"4533","ENSDARG00000004427","dpy30",1042.639183,-0.159837442,0.072460153,0.36417751,"protein_coding","DPY30"
"6522","ENSDARG00000063157","mapk8ip2",712.2011997,0.248792785,0.128521155,0.461349283,"protein_coding","MAPK8IP2"
"3361","ENSDARG00000003517","impa1",847.34457,-0.189040734,0.044866618,0.302400707,"protein_coding","IMPA1"
"22925","ENSDARG00000035122","camsap1b",1393.896404,0.017138941,0.810994195,0.941270676,"protein_coding","CAMSAP1"
"26355","ENSDARG00000037097","slc7a2",5636.324457,-0.004052849,0.966586824,0.990654253,"protein_coding","SLC7A2"
"11030","ENSDARG00000029848","FBXO15 (2 of 2)",196.6539261,0.231214622,0.288469197,0.640152791,"protein_coding","FBXO15"
"370","ENSDARG00000051939","pc",2210.108978,0.430728881,0.0002157,0.01259278,"protein_coding","PC"
"24183","ENSDARG00000095287","PPFIBP1 (1 of 3)",7301.224658,-0.017446813,0.868164355,0.961399587,"protein_coding","PPFIBP1"
"3575","ENSDARG00000012261","eftud2",3530.760902,-0.323652225,0.049654645,0.315372007,"protein_coding","EFTUD2"
"8123","ENSDARG00000038006","osr2",303.4438692,-0.248834366,0.179786554,0.5260381,"protein_coding","OSR2"
"10453","ENSDARG00000062481","mlphb",214.5190617,0.171991708,0.264296932,0.614770431,"protein_coding","MLPH"
"3255","ENSDARG00000038186","RDM1",149.5309492,0.323061567,0.042343596,0.294546231,"protein_coding","RDM1"
"5491","ENSDARG00000061564","nlrc3",187.3731928,-0.257121916,0.098805608,0.415530968,"protein_coding","NLRC3"
"25003","ENSDARG00000056204","GIN1",256.1271112,-0.022689957,0.904982169,0.972772777,"protein_coding","GIN1"
"5749","ENSDARG00000076066","6-Mar",3008.588825,0.104463864,0.106053303,0.427837985,"protein_coding","6-Mar"
"120","ENSDARG00000074071","C14H5orf45",1451.901185,0.459297053,1.13e-06,0.000195356,"protein_coding","C5orf45"
"20484","ENSDARG00000077546","ZDHHC1",443.5049462,0.054099952,0.69729538,0.896655156,"protein_coding","ZDHHC1"
"15525","ENSDARG00000042690","s1pr1",1683.759213,0.079395198,0.475413213,0.779601145,"protein_coding","S1PR1"
"16553","ENSDARG00000024642","pip5k1ab",673.0345256,0.060574729,0.520504152,0.807077476,"protein_coding","PIP5K1A"
"23347","ENSDARG00000029688","hsp70.1",2664.249365,-0.047883998,0.832573214,0.950612453,"protein_coding","HSPA1L"
"9444","ENSDARG00000043687","SAYSD1",122.9140645,0.218535951,0.226208681,0.577484674,"protein_coding","SAYSD1"
"26114","ENSDARG00000060768","ankib1",766.1330591,-0.004852964,0.955125816,0.986818478,"protein_coding","ANKIB1"
"20080","ENSDARG00000029497","tfcp2l1",1924.381814,0.092029989,0.67767894,0.887584986,"protein_coding","TFCP2L1"
"8138","ENSDARG00000087857","NCR3LG1",597.3883338,0.20849108,0.180244019,0.526745825,"protein_coding","NCR3LG1"
"15314","ENSDARG00000038043","zgc:66014",1280.123103,-0.050764981,0.466085547,0.774108684,"protein_coding","KIAA1468"
"26831","ENSDARG00000031796","ache",7912.639538,0.001397863,0.988803061,0.996748673,"protein_coding","ACHE"
"12195","ENSDARG00000056647","KLHL3",396.6884694,0.101451736,0.334750056,0.677783204,"protein_coding","KLHL3"
"12627","ENSDARG00000055917","nipa1",260.2044024,-0.153468664,0.352327961,0.69124193,"protein_coding","NIPA1"
"11568","ENSDARG00000062002","ADNP (2 of 2)",2675.638739,-0.114953052,0.309691532,0.656672387,"protein_coding","ADNP"
"10719","ENSDARG00000045945","syn2a",1254.829819,0.172097958,0.274580839,0.625232967,"protein_coding","SYN2"
"26862","ENSDARG00000022370","CU929163.1",317.4375699,0.002625819,0.990587074,0.997525119,"protein_coding","NNMT"
"22702","ENSDARG00000063005","anapc7",642.9823344,0.031677952,0.800100437,0.936901806,"protein_coding","RP11-478C19.2"
"2188","ENSDARG00000024488","top2a",6429.628684,-0.243317808,0.021769426,0.219767673,"protein_coding","TOP2A"
"15327","ENSDARG00000074309","cnnm4",393.099305,0.085833049,0.466409342,0.774245587,"protein_coding","CNNM4"
"19751","ENSDARG00000042291","dlx6a",239.1224193,0.068205991,0.664191982,0.882914304,"protein_coding","DLX6"
"14855","ENSDARG00000080015","lrrtm4l1",106.9809542,0.122516318,0.44568005,0.760880027,"protein_coding","LRRTM4"
"13763","ENSDARG00000037844","kdm8",192.0314802,-0.131239102,0.399347812,0.726417704,"protein_coding","KDM8"
"7365","ENSDARG00000073944","ZFHX3 (2 of 2)",1171.698261,0.15668625,0.154289803,0.494572689,"protein_coding","ZFHX3"
"22579","ENSDARG00000024844","max",3215.471455,-0.020624303,0.793728108,0.934511993,"protein_coding","MAX"
"5819","ENSDARG00000061145","gfod2",277.6752076,0.25277334,0.107945611,0.430662192,"protein_coding","GFOD2"
"14054","ENSDARG00000060788","LRRC14B",225.5991431,-0.157509042,0.41127777,0.734488961,"protein_coding","LRRC14B"
"5612","ENSDARG00000026400","rad51d",196.0597462,-0.239864065,0.101981748,0.420614495,"protein_coding","RAD51D"
"12079","ENSDARG00000045277","rdh12l",437.4616277,-0.151328797,0.329925319,0.673262712,"protein_coding","RDH12"
"22362","ENSDARG00000059758","bspry",361.6199067,-0.034749228,0.784347244,0.932330383,"protein_coding","BSPRY"
"6720","ENSDARG00000090150","CROCC (1 of 2)",574.8661924,0.160731653,0.134344175,0.469030598,"protein_coding","CROCC"
"1155","ENSDARG00000039830","gng5",2237.908852,-0.235904975,0.006108117,0.115447953,"protein_coding","GNG5"
"12298","ENSDARG00000040321","rx2",169.0054148,0.149116092,0.339171141,0.681035879,"protein_coding","RAX2"
"17840","ENSDARG00000077218","SLC22A17 (2 of 2)",532.059743,0.076791027,0.577237938,0.839528203,"protein_coding","SLC22A17"
"26246","ENSDARG00000027501","usp20",695.3210507,-0.003986721,0.960903344,0.988258801,"protein_coding","USP20"
"10740","ENSDARG00000079889","PHLDB2 (2 of 2)",2145.117965,0.140125787,0.27560835,0.626507028,"protein_coding","PHLDB2"
"581","ENSDARG00000010728","scin",1252.153028,0.234628161,0.001059613,0.039469135,"protein_coding","SCIN"
"22311","ENSDARG00000088307","CR456632.2",387.7665584,0.032245335,0.781413359,0.930621323,"protein_coding","MKL2"
"20346","ENSDARG00000091970","CU694374.2",406.4208569,0.084931651,0.69021208,0.893057005,"protein_coding","MS4A4A"
"15877","ENSDARG00000077310","gpr144",343.9516127,0.113477164,0.490784124,0.789411974,"protein_coding","GPR144"
"14291","ENSDARG00000076074","dda1",1337.761441,-0.089123594,0.419857438,0.740687518,"protein_coding","DDA1"
"7752","ENSDARG00000036468","CABZ01078242.1",150.7556379,-0.260109524,0.1673589,0.510928616,"protein_coding","GPC6"
"1960","ENSDARG00000063483","RNF122",347.3874134,0.306596936,0.017125236,0.192423779,"protein_coding","RNF122"
"26691","ENSDARG00000056557","copb1",8206.89065,-0.003000822,0.982226823,0.994849523,"protein_coding","COPB1"
"16737","ENSDARG00000005343","ccdc85al",337.6631264,-0.080962214,0.528173017,0.810966482,"protein_coding","CCDC85A"
"6452","ENSDARG00000013340","gch2",1322.922409,-0.291906473,0.125982734,0.456824737,"protein_coding","GCH1"
"1135","ENSDARG00000089368","hopx",965.3441067,0.253636303,0.00586276,0.112479976,"protein_coding","HOPX"
"13185","ENSDARG00000043857","ufm1",2519.288665,-0.101480118,0.375585821,0.70843928,"protein_coding","UFM1"
"12618","ENSDARG00000059657","mks1",247.0764292,-0.116761508,0.351943914,0.691166963,"protein_coding","MKS1"
"3708","ENSDARG00000002220","C5H9orf78",557.4014499,-0.174638766,0.05250465,0.321837945,"protein_coding","C9orf78"
"1737","ENSDARG00000007971","cks1b",895.8470573,-0.291257419,0.013854974,0.175884793,"protein_coding","CKS1B"
"12282","ENSDARG00000093347","-",1621.999847,-0.214662978,0.338416024,0.680558255,"protein_coding","MUC22"
"8042","ENSDARG00000091956","tmem184b",193.5648838,0.263352333,0.176851418,0.52213397,"protein_coding","TMEM184B"
"26685","ENSDARG00000010524","si:ch211-282j22.3",971.2031301,0.002006362,0.981967623,0.994849523,"protein_coding","EDEM3"
"26844","ENSDARG00000068484","RNF112",202.1505801,-0.002325687,0.989619117,0.997106592,"protein_coding","ATL2"
"20503","ENSDARG00000076144","si:ch211-74m13.3",5542.535024,-0.030787061,0.697895223,0.896704072,"protein_coding","TCAM1P"
"22507","ENSDARG00000023988","dctn4",1237.383391,0.023627784,0.790325933,0.933234804,"protein_coding","DCTN4"
"22424","ENSDARG00000076073","AP1S3 (2 of 2)",102.8873002,0.057474993,0.786963025,0.932761421,"protein_coding","AP1S3"
"20201","ENSDARG00000088705","stk19",195.3394109,0.070507076,0.683239129,0.890089338,"protein_coding","STK19"
"6867","ENSDARG00000060481","atl1",449.6782045,0.219989186,0.138456035,0.474098654,"protein_coding","ATL1"
"18982","ENSDARG00000091749","fsip1",268.9334587,0.084273748,0.630453326,0.868348983,"protein_coding","FSIP1"
"2090","ENSDARG00000034373","col27a1a",2855.219836,-0.31274607,0.019663638,0.207760534,"protein_coding","COL27A1"
"14370","ENSDARG00000004956","zmat2",1231.10142,-0.065610389,0.423829514,0.743928871,"protein_coding","ZMAT2"
"17002","ENSDARG00000017773","slc16a12a",750.7914469,0.078335087,0.540788574,0.819528984,"protein_coding","SLC16A12"
"18756","ENSDARG00000053025","LSM11 (1 of 2)",169.1793754,0.107660256,0.619913488,0.8627789,"protein_coding","LSM11"
"7078","ENSDARG00000030251","klhl36",283.4319008,-0.179647568,0.145110273,0.482567336,"protein_coding","KLHL36"
"12175","ENSDARG00000044556","pacs1",693.1634328,-0.088794459,0.333655563,0.676323625,"protein_coding","PACS1"
"25470","ENSDARG00000013755","actn3a",99531.29178,-0.0056216,0.926538548,0.979315801,"protein_coding","ACTN1"
"8815","ENSDARG00000062146","larp4b",1834.51024,-0.154479672,0.204302514,0.554974424,"protein_coding","LARP4B"
"15485","ENSDARG00000086826","sult6b1",4188.864109,-0.062333726,0.472801113,0.777256954,"protein_coding","SULT6B1"
"7276","ENSDARG00000017860","rgs5b",278.4692845,0.220291085,0.151610093,0.491496524,"protein_coding","RGS16"
"23391","ENSDARG00000090459","INSC (1 of 2)",155.4841583,-0.028629298,0.834959411,0.951786419,"protein_coding","INSC"
"11553","ENSDARG00000030644","gnai3",685.2879119,-0.112631466,0.309121681,0.655962199,"protein_coding","GNAI1"
"20738","ENSDARG00000006978","zak",451.5128302,-0.074699498,0.708720343,0.901778367,"protein_coding","MLTK"
"12886","ENSDARG00000061174","-",791.2068429,-0.100528359,0.363452604,0.700129615,"protein_coding","ZNF740"
"6823","ENSDARG00000044034","tmem86a",124.7197586,0.336546195,0.137326547,0.472832855,"protein_coding","TMEM86A"
"13882","ENSDARG00000062664","oxnad1",587.7086352,-0.138282808,0.403987896,0.729397729,"protein_coding","OXNAD1"
"1246","ENSDARG00000029832","slc26a1",370.453013,0.39484129,0.007163649,0.12571865,"protein_coding","SLC26A1"
"11250","ENSDARG00000058690","cgnb",690.8420773,0.135471036,0.296824741,0.646290218,"protein_coding","CGN"
"25938","ENSDARG00000039466","HNRNPH3",774.8670392,-0.005584221,0.94839661,0.985512436,"protein_coding","HNRNPH3"
"11134","ENSDARG00000062329","B4GALT3",150.2784125,0.195035188,0.292810849,0.644105375,"protein_coding","B4GALT3"
"22989","ENSDARG00000042147","rbbp5",1264.24465,-0.015558415,0.814035625,0.942438539,"protein_coding","RBBP5"
"8110","ENSDARG00000040059","gbp",864.4913568,0.270496733,0.179434782,0.525854768,"protein_coding","FRAT1"
"5076","ENSDARG00000035005","bag2",654.0803221,-0.278021637,0.087948202,0.397238885,"protein_coding","BAG2"
"8415","ENSDARG00000009950","edf1",3779.901685,0.097328706,0.189751282,0.537275256,"protein_coding","EDF1"
"11308","ENSDARG00000005163","EFR3A (2 of 2)",560.8206674,0.093292726,0.298898062,0.647464174,"protein_coding","EFR3A"
"8014","ENSDARG00000013732","vta1",1547.945123,0.134795241,0.176020553,0.521357577,"protein_coding","VTA1"
"13980","ENSDARG00000041915","C20H1orf95",130.6169641,0.145268181,0.40787035,0.731674448,"protein_coding","C1orf95"
"23868","ENSDARG00000089467","FAM161B",206.9677816,-0.034897926,0.854383246,0.957184337,"protein_coding","FAM161B"
"5905","ENSDARG00000068889","FAM49A (2 of 2)",902.5692991,-0.12397664,0.110179215,0.43389404,"protein_coding","FAM49A"
"7457","ENSDARG00000089863","CCDC57 (2 of 2)",239.0206686,-0.215985765,0.156722053,0.496611483,"protein_coding","CCDC57"
"22778","ENSDARG00000073856","ZNF319 (2 of 2)",572.7334576,0.026087895,0.803457439,0.937973146,"protein_coding","ZNF319"
"2936","ENSDARG00000092464","-",101.7254835,-0.32023689,0.036245723,0.278754888,"protein_coding","CCHCR1"
"25310","ENSDARG00000033567","fkbp1ab",312.7634424,0.01144431,0.918745835,0.976417795,"protein_coding","FKBP1A"
"9123","ENSDARG00000014244","rbmx",4405.308097,-0.161498555,0.214558665,0.565541114,"protein_coding","RBMXL2"
"16638","ENSDARG00000018107","rab3da",187.3188347,-0.1022599,0.524386221,0.809276245,"protein_coding","RAB3D"
"25785","ENSDARG00000029372","rasa4",338.2406775,0.011545464,0.940998498,0.983081583,"protein_coding","RASA4B"
"3750","ENSDARG00000073923","ADCK2",265.8342688,-0.289617908,0.053493328,0.323997196,"protein_coding","ADCK2"
"20314","ENSDARG00000031968","cpped1",480.629496,0.04966151,0.688728556,0.892399816,"protein_coding","CPPED1"
"3994","ENSDARG00000089608","ppp1cbl",3343.985516,0.097455419,0.059057797,0.336091273,"protein_coding","PPP1CA"
"17885","ENSDARG00000018688","elk3",1370.695343,-0.046322522,0.579126388,0.840494348,"protein_coding","ELK3"
"6098","ENSDARG00000020218","amfr",2861.019535,0.121824889,0.11615798,0.44391213,"protein_coding","AMFR"
"2572","ENSDARG00000070109","ncapg",2976.358667,-0.149129187,0.029699471,0.256954019,"protein_coding","NCAPG"
"4502","ENSDARG00000079949","supt16h",7872.257932,-0.161627289,0.07175326,0.363040885,"protein_coding","SUPT16H"
"20131","ENSDARG00000095242","ndufa13",1948.108496,-0.040493117,0.680050028,0.888428017,"protein_coding","NDUFA13"
"6760","ENSDARG00000019963","sfxn1",1111.895738,-0.262787566,0.135692534,0.471214794,"protein_coding","SFXN1"
"20970","ENSDARG00000029187","exosc3",549.6666005,0.048265919,0.720403517,0.907523442,"protein_coding","EXOSC3"
"3424","ENSDARG00000003210","ANO2 (2 of 2)",325.1755808,0.232982668,0.04641668,0.307158119,"protein_coding","ANO2"
"22905","ENSDARG00000016404","ptch1",2175.876314,0.022281841,0.810196364,0.941179017,"protein_coding","PTCH1"
"474","ENSDARG00000004078","acsl4a",3119.419389,0.386313603,0.000549998,0.024815981,"protein_coding","ACSL4"
"16290","ENSDARG00000041997","lztfl1",1655.167077,-0.075067061,0.507776969,0.798545519,"protein_coding","LZTFL1"
"2383","ENSDARG00000058771","NAV1 (1 of 3)",418.3285715,-0.223809795,0.02577184,0.239980537,"protein_coding","NAV1"
"1793","ENSDARG00000017728","zgc:86841",3015.015586,-0.385421268,0.014721175,0.181344588,"protein_coding","PHB2"
"16083","ENSDARG00000042853","ivd",3758.635522,0.047684806,0.49908666,0.79389023,"protein_coding","IVD"
"22549","ENSDARG00000088699","PDZD8",779.7708185,-0.027928749,0.792350035,0.934104725,"protein_coding","PDZD8"
"1496","ENSDARG00000089310","gc",2140.270572,0.418828431,0.010376547,0.15210226,"protein_coding","AFP"
"18498","ENSDARG00000009867","adssl1",6272.797879,0.08260968,0.608315236,0.856138068,"protein_coding","ADSSL1"
"5370","ENSDARG00000070040","zgc:162344",290.4416152,-0.218528933,0.095353524,0.409706462,"protein_coding","KIAA1328"
"21335","ENSDARG00000071697","zgc:66433",3044.532513,0.023138582,0.737093567,0.914855176,"protein_coding","KIAA1211L"
"6057","ENSDARG00000074585","CABZ01079775.1",847.8911486,0.197517793,0.115174769,0.442877711,"protein_coding","PACS1"
"11825","ENSDARG00000005989","rgl1",2196.821487,0.090183568,0.31979853,0.664837391,"protein_coding","RGL1"
"15530","ENSDARG00000096368","NEU3 (2 of 5)",257.6937398,-0.128536574,0.475579771,0.779686018,"protein_coding","NEU3"
"9832","ENSDARG00000088302","CABZ01048021.1",337.2018258,-0.181451588,0.241030725,0.593402733,"protein_coding","PIEZO2"
"24887","ENSDARG00000035565","si:ch211-106a19.2",889.7987319,-0.019875528,0.899689947,0.971342871,"protein_coding","ATP6V0A2"
"3997","ENSDARG00000029218","slc25a12",8048.602236,-0.192590016,0.059128857,0.336232436,"protein_coding","SLC25A13"
"11357","ENSDARG00000063882","COX19",404.9534291,-0.102646984,0.301046078,0.649651922,"protein_coding","COX19"
"18818","ENSDARG00000061143","tapt1b",829.0381702,0.049450071,0.623704103,0.865117297,"protein_coding","TAPT1"
"13912","ENSDARG00000060877","edil3b",235.9571058,0.180090485,0.404868696,0.729569233,"protein_coding","EDIL3"
"6632","ENSDARG00000040131","zfyve26",1062.183857,0.191144402,0.131916058,0.46603197,"protein_coding","ZFYVE26"
"7371","ENSDARG00000020946","AUTS2 (2 of 2)",364.9874255,0.147311499,0.154506397,0.494901406,"protein_coding","AUTS2"
"455","ENSDARG00000087911","PSME4 (2 of 4)",1457.495994,0.592778772,0.000476666,0.022481619,"protein_coding","PSME4"
"24870","ENSDARG00000054085","taf12",6071.785325,0.009597887,0.898979926,0.971198079,"protein_coding","TAF12"
"19249","ENSDARG00000029898","CNGA1 (2 of 2)",253.9595774,-0.061091413,0.642174503,0.873502298,"protein_coding","CNGA1"
"25231","ENSDARG00000087688","KLHL29 (1 of 2)",646.4517928,-0.012408922,0.914636292,0.974835598,"protein_coding","KLHL29"
"4002","ENSDARG00000012790","tmem161a",3178.456575,-0.294199213,0.059193411,0.336232436,"protein_coding","TMEM161A"
"23233","ENSDARG00000070498","phyhiplb",742.17209,0.041747532,0.82704185,0.94806896,"protein_coding","PHYHIPL"
"2813","ENSDARG00000075334","ARHGAP32 (2 of 2)",870.2606602,0.245031979,0.033924461,0.270819,"protein_coding","ARHGAP32"
"16052","ENSDARG00000038754","plk3",3287.722973,0.050726473,0.497828224,0.793433203,"protein_coding","PLK3"
"1112","ENSDARG00000020527","NUP62CL",1959.084175,-0.282506305,0.005589548,0.109612173,"protein_coding","NUP62CL"
"19704","ENSDARG00000087916","tmem240",97.07646491,-0.081185889,0.662073186,0.882179779,"protein_coding","TMEM240"
"3139","ENSDARG00000079771","PEA15",136.3282707,-0.333516019,0.040365714,0.290439589,"protein_coding","PEA15"
"3071","ENSDARG00000029533","rpl18",37417.85944,0.09131067,0.039063132,0.287748123,"protein_coding","RPL18"
"15808","ENSDARG00000042881","nthl1",304.8190514,-0.080517285,0.487922203,0.78739069,"protein_coding","NTHL1"
"6185","ENSDARG00000069485","spryd7b",465.3297845,0.142525621,0.118562614,0.446692542,"protein_coding","SPRYD7"
"8231","ENSDARG00000043561","psmc1b",2305.769754,-0.160997406,0.183309942,0.529590291,"protein_coding","PSMC1"
"21518","ENSDARG00000037634","gne",1663.806921,0.043440299,0.746016322,0.918571277,"protein_coding","GNE"
"4496","ENSDARG00000020834","CEP250",849.3854511,-0.20771789,0.071586526,0.362833096,"protein_coding","CEP250"
"21768","ENSDARG00000089829","CYTH3 (1 of 3)",108.120373,-0.060592806,0.758101208,0.923360097,"protein_coding","CYTH3"
"6797","ENSDARG00000070047","rgs4",2154.136603,0.13545624,0.136547567,0.471871893,"protein_coding","RGS4"
"14793","ENSDARG00000036773","s100s",589.7421889,0.118466785,0.442814709,0.759009817,"protein_coding","S100A1"
"23364","ENSDARG00000034409","pik3r3b",2512.389367,-0.019770753,0.833264224,0.950800156,"protein_coding","PIK3R3"
"1399","ENSDARG00000031618","CABZ01038514.1",197.3043446,0.363891103,0.0090864,0.142411848,"protein_coding","SBK1"
"7429","ENSDARG00000018806","ctsc",3945.476086,0.185072382,0.156027713,0.496166561,"protein_coding","CTSC"
"7279","ENSDARG00000069828","ABHD12B (1 of 2)",746.9799118,-0.188431187,0.151845275,0.492063496,"protein_coding","ABHD12B"
"17360","ENSDARG00000018508","zdhhc8b",1088.180826,-0.05037186,0.555454523,0.827848181,"protein_coding","ZDHHC8"
"19315","ENSDARG00000061186","ITGA4",326.0864604,-0.056057939,0.64525369,0.875058403,"protein_coding","ITGA4"
"17395","ENSDARG00000034056","csnk1g2b",2347.207048,-0.052748972,0.557150344,0.828917803,"protein_coding","CSNK1G2"
"24633","ENSDARG00000032298","tbc1d20",255.7000579,0.017148051,0.887677747,0.967499417,"protein_coding","TBC1D20"
"26408","ENSDARG00000090394","TIMP4",96.01259263,0.00606903,0.969294758,0.991434774,"protein_coding","TIMP4"
"23565","ENSDARG00000062672","CR456623.1",94.75207645,-0.038649232,0.842777195,0.953955822,"protein_coding","KCNJ3"
"22921","ENSDARG00000026398","MMEL1",170.803156,-0.034138692,0.810897195,0.941263086,"protein_coding","MMEL1"
"19841","ENSDARG00000056108","ndufa4",4231.250092,-0.029822776,0.667738055,0.884115116,"protein_coding","NDUFA4"
"13442","ENSDARG00000071865","nrp1a",3828.210284,0.06320527,0.386418594,0.717751322,"protein_coding","NRP1"
"25130","ENSDARG00000087197","ros1",800.7224682,0.021911785,0.910709572,0.97426596,"protein_coding","ROS1"
"7553","ENSDARG00000003655","tmem59l",2354.562101,0.205560496,0.160342761,0.501805646,"protein_coding","TMEM59L"
"8080","ENSDARG00000045399","cct5",14657.95692,-0.138674387,0.178310132,0.524252371,"protein_coding","CCT5"
"5601","ENSDARG00000020742","NAGA",1962.4444,0.240567158,0.101694774,0.420205032,"protein_coding","NAGA"
"22121","ENSDARG00000030289","jag1a",347.5845097,0.047506354,0.773469402,0.92846662,"protein_coding","JAG1"
"11649","ENSDARG00000076699","ipmka",260.3464715,0.192314965,0.312287206,0.65797439,"protein_coding","IPMK"
"22552","ENSDARG00000018809","abhd3",186.2331938,-0.048058553,0.792584843,0.934219379,"protein_coding","ABHD3"
"3277","ENSDARG00000095675","si:dkeyp-67d2.5",842.7360979,0.286356834,0.042927892,0.296322246,"protein_coding","CCDC141"
"19391","ENSDARG00000040615","ILKAP",240.7802658,0.077799934,0.648890513,0.87700972,"protein_coding","ILKAP"
"20552","ENSDARG00000034503","per2",2845.87223,0.042161668,0.699694129,0.897253972,"protein_coding","PER2"
"5158","ENSDARG00000057399","PVRL3 (2 of 2)",300.7855163,-0.23142266,0.090179954,0.401182655,"protein_coding","PVRL3"
"8113","ENSDARG00000052377","psmd12",4590.615687,-0.214263712,0.179490746,0.525886687,"protein_coding","PSMD12"
"14345","ENSDARG00000074638","loxhd1b",155.4642933,0.148387191,0.4223445,0.742429678,"protein_coding","LOXHD1"
"4039","ENSDARG00000032237","ANAPC4",755.7554482,-0.273446851,0.059972524,0.337361399,"protein_coding","ANAPC4"
"10747","ENSDARG00000037101","mtmr7a",314.9014012,0.173755869,0.275822816,0.626538831,"protein_coding","MTMR7"
"18273","ENSDARG00000056695","phc2a",1367.401653,-0.061688235,0.597567621,0.850393695,"protein_coding","PHC2"
"21541","ENSDARG00000079719","ABHD8 (1 of 2)",130.3905015,0.048110354,0.746974328,0.918891621,"protein_coding","ABHD8"
"22465","ENSDARG00000036028","arrdc3b",4880.790754,0.022671106,0.788624742,0.933175154,"protein_coding","ARRDC3"
"15267","ENSDARG00000038682","MFAP4 (1 of 13)",230.7783148,-0.150214647,0.464281027,0.773602887,"protein_coding","MFAP4"
"5221","ENSDARG00000074842","SNX8 (1 of 3)",260.4164428,0.268227587,0.09187179,0.4042692,"protein_coding","SNX8"
"5866","ENSDARG00000078701","prdm13",179.2734178,0.248974793,0.109219061,0.432604592,"protein_coding","PRDM13"
"20068","ENSDARG00000041239","wdr20b",180.4182861,0.068905276,0.67707904,0.887173339,"protein_coding","WDR20"
"12877","ENSDARG00000037935","aldh16a1",1786.913143,-0.134885612,0.362740238,0.699425792,"protein_coding","ALDH16A1"
"2154","ENSDARG00000056411","adipoql",655.179563,-0.29936953,0.021058903,0.215954488,"protein_coding","ADIPOQ"
"16041","ENSDARG00000059645","ntrk2b",1201.962044,-0.124463645,0.497262245,0.793019613,"protein_coding","NTRK2"
"19803","ENSDARG00000058546","si:dkey-30c15.12",207.8467533,-0.090493673,0.666103589,0.883584677,"protein_coding","CDH1"
"25212","ENSDARG00000070212","zgc:158463",9919.079904,0.020495917,0.914030165,0.974814083,"protein_coding","RNA45S5"
"8672","ENSDARG00000044146","lrrc8db",479.1087841,0.144242062,0.199737394,0.550691433,"protein_coding","LRRC8D"
"15801","ENSDARG00000063420","TOX4 (1 of 2)",244.1440231,-0.087655533,0.487677029,0.787349286,"protein_coding","TOX4"
"1018","ENSDARG00000079560","ptprh",847.729319,0.301566407,0.004448283,0.095403959,"protein_coding","PTPRH"
"185","ENSDARG00000031438","kcnj11l",350.4618161,0.507046583,1.08e-05,0.001276558,"protein_coding","KCNJ11"
"20238","ENSDARG00000044569","cldn19",747.7111332,-0.061948085,0.685243448,0.891216332,"protein_coding","CLDN19"
"19536","ENSDARG00000086952","PTK7 (2 of 2)",156.7158899,-0.073217894,0.654911297,0.879191541,"protein_coding","PTK7"
"13111","ENSDARG00000086905","SLC24A6",263.3820973,0.163916204,0.372965545,0.707303723,"protein_coding","SLC24A6"
"8193","ENSDARG00000061986","tbc1d2b",756.221435,-0.108889694,0.182247121,0.529184137,"protein_coding","TBC1D2B"
"6176","ENSDARG00000036930","tbx18",503.3600113,-0.169895186,0.118288084,0.446318464,"protein_coding","TBX18"
"5309","ENSDARG00000016725","GADD45G (2 of 3)",287.7950053,0.284728705,0.093649302,0.40664715,"protein_coding","GADD45G"
"12356","ENSDARG00000062049","hmha1",605.049796,-0.114942022,0.341538695,0.682769656,"protein_coding","HMHA1"
"8655","ENSDARG00000016173","cct3",15052.2945,-0.146888899,0.198791422,0.549287879,"protein_coding","CCT3"
"18192","ENSDARG00000094325","RASSF7 (1 of 3)",608.4067381,-0.064092138,0.593626346,0.84836479,"protein_coding","RASSF7"
"21622","ENSDARG00000032601","macrod2",1337.414724,-0.02279928,0.750651676,0.920142181,"protein_coding","MACROD2"
"12724","ENSDARG00000055381","bambia",795.7873102,0.071950736,0.356399143,0.694096017,"protein_coding","BAMBI"
"18133","ENSDARG00000028771","MAPRE2",3649.723495,0.044451029,0.591076021,0.847041039,"protein_coding","MAPRE2"
"3647","ENSDARG00000056050","KCTD17",367.9835697,0.234651624,0.051220004,0.319231213,"protein_coding","KCTD17"
"4773","ENSDARG00000075261","timp2b",1480.329744,0.156533909,0.079509946,0.380720079,"protein_coding","TIMP2"
"8912","ENSDARG00000000747","lcmt2",250.6734884,-0.194781372,0.2080809,0.559845119,"protein_coding","LCMT2"
"15552","ENSDARG00000007753","cpne2",462.310329,0.128398012,0.476532034,0.780125,"protein_coding","CPNE2"
"6905","ENSDARG00000055490","galnt12",2556.993737,-0.1640096,0.139527592,0.475158732,"protein_coding","GALNT12"
"14415","ENSDARG00000009885","sult3st1",2661.020742,-0.070750527,0.42585194,0.745487867,"protein_coding","AL356806.3"
